"STATION","DATE","LATITUDE","LONGITUDE","ELEVATION","NAME","TEMP","TEMP_ATTRIBUTES","DEWP","DEWP_ATTRIBUTES","SLP","SLP_ATTRIBUTES","STP","STP_ATTRIBUTES","VISIB","VISIB_ATTRIBUTES","WDSP","WDSP_ATTRIBUTES","MXSPD","GUST","MAX","MAX_ATTRIBUTES","MIN","MIN_ATTRIBUTES","PRCP","PRCP_ATTRIBUTES","SNDP","FRSHTT"
"71183099999","2025-01-01","45.4666666","-73.7333333","32.0","MONTREAL PIERRE ELLIOTT TRUDEAU INTERNATIONAL QU, CA","  35.4","24","  31.5","22","1001.6","24","998.3"," 8","999.9"," 0","  7.3","24"," 11.1","999.9","  40.1","*","  31.1","*"," 0.18","G","999.9","000000"
"71183099999","2025-01-02","45.4666666","-73.7333333","32.0","MONTREAL PIERRE ELLIOTT TRUDEAU INTERNATIONAL QU, CA","  31.4","24","  25.7","24"," 999.8","24","995.5"," 8","999.9"," 0"," 15.7","24"," 21.0"," 33.0","  34.5","*","  28.2","*"," 0.06","G","999.9","000000"
"71183099999","2025-01-03","45.4666666","-73.7333333","32.0","MONTREAL PIERRE ELLIOTT TRUDEAU INTERNATIONAL QU, CA","  23.9","24","  13.7","24","1004.9","24","000.9"," 8","999.9"," 0"," 14.5","24"," 18.1"," 27.0","  28.0","*","  21.0","*"," 0.00","G","999.9","000000"
"71183099999","2025-01-04","45.4666666","-73.7333333","32.0","MONTREAL PIERRE ELLIOTT TRUDEAU INTERNATIONAL QU, CA","  13.5","24","   5.7","24","1006.6","24","002.4"," 8","999.9"," 0"," 11.4","24"," 15.0"," 21.0","  25.5"," ","   9.5"," "," 0.02","G","999.9","000000"
"71183099999","2025-01-05","45.4666666","-73.7333333","32.0","MONTREAL PIERRE ELLIOTT TRUDEAU INTERNATIONAL QU, CA","  11.9","24","   2.2","24","1012.8","24","008.3"," 8","999.9"," 0","  9.0","24"," 14.0"," 19.0","  16.7","*","   8.1","*"," 0.04","G","999.9","000000"
"71183099999","2025-01-06","45.4666666","-73.7333333","32.0","MONTREAL PIERRE ELLIOTT TRUDEAU INTERNATIONAL QU, CA","   9.0","24","   0.5","24","1016.7","24","012.9"," 8","999.9"," 0","  6.7","24"," 11.1","999.9","  14.7","*","   4.3","*"," 0.00","G","999.9","000000"
"71183099999","2025-01-07","45.4666666","-73.7333333","32.0","MONTREAL PIERRE ELLIOTT TRUDEAU INTERNATIONAL QU, CA","  16.2","23","   9.0","23","1007.3","23","002.9"," 7","999.9"," 0"," 11.4","23"," 15.9"," 22.9","  22.1","*","  12.0","*"," 0.04","G","  0.4","000000"
"71183099999","2025-01-08","45.4666666","-73.7333333","32.0","MONTREAL PIERRE ELLIOTT TRUDEAU INTERNATIONAL QU, CA","  10.4","24","   4.0","24","1011.2","24","007.3"," 8","999.9"," 0"," 12.8","24"," 15.9"," 22.9","  20.7"," ","   6.4"," "," 0.06","G","  0.4","000000"
"71183099999","2025-01-09","45.4666666","-73.7333333","32.0","MONTREAL PIERRE ELLIOTT TRUDEAU INTERNATIONAL QU, CA","  14.1","24","   6.7","24","1007.8","24","003.2"," 7","999.9"," 0"," 13.3","24"," 18.1"," 23.9","  20.8","*","  10.8","*"," 0.04","G","  1.2","000000"
"71183099999","2025-01-10","45.4666666","-73.7333333","32.0","MONTREAL PIERRE ELLIOTT TRUDEAU INTERNATIONAL QU, CA","  17.4","24","   8.5","24","1014.2","24","010.1"," 8","999.9"," 0","  9.6","24"," 13.0"," 19.0","  22.1","*","  12.2","*"," 0.00","G","  1.2","000000"
"71183099999","2025-01-11","45.4666666","-73.7333333","32.0","MONTREAL PIERRE ELLIOTT TRUDEAU INTERNATIONAL QU, CA","  19.5","24","  12.6","24","1005.2","24","001.3"," 8","999.9"," 0","  3.8","24","  7.0","999.9","  23.9","*","  18.0","*"," 0.06","G","  1.6","000000"
"71183099999","2025-01-12","45.4666666","-73.7333333","32.0","MONTREAL PIERRE ELLIOTT TRUDEAU INTERNATIONAL QU, CA","  19.4","20","  14.0","20","1011.5","20","007.7"," 8","999.9"," 0","  4.1","20","  8.9","999.9","  24.4","*","  12.9","*"," 0.03","G","  1.6","000000"
"71183099999","2025-01-13","45.4666666","-73.7333333","32.0","MONTREAL PIERRE ELLIOTT TRUDEAU INTERNATIONAL QU, CA","  25.0","22","  21.8","22","1011.8","22","008.5"," 8","999.9"," 0","  3.0","22","  5.1","999.9","  27.9","*","  22.8","*"," 0.04","G","  2.0","000000"
"71183099999","2025-01-14","45.4666666","-73.7333333","32.0","MONTREAL PIERRE ELLIOTT TRUDEAU INTERNATIONAL QU, CA","  25.4","24","  20.3","24","1008.4","24","004.3"," 8","999.9"," 0"," 11.6","24"," 15.9"," 24.9","  30.0"," ","  22.6"," "," 0.13","G","  3.5","000000"
"71183099999","2025-01-15","45.4666666","-73.7333333","32.0","MONTREAL PIERRE ELLIOTT TRUDEAU INTERNATIONAL QU, CA","  18.9","24","  11.0","24","1016.3","24","011.8"," 8","999.9"," 0","  8.9","24"," 11.1"," 15.9","  27.9"," ","  15.3"," "," 0.01","G","  2.8","000000"
"71183099999","2025-01-16","45.4666666","-73.7333333","32.0","MONTREAL PIERRE ELLIOTT TRUDEAU INTERNATIONAL QU, CA","  18.8","24","  13.0","24","1013.1","24","009.4"," 8","999.9"," 0","  4.2","24","  8.0","999.9","  25.2","*","  10.9","*"," 0.01","G","  2.8","000000"
"71183099999","2025-01-17","45.4666666","-73.7333333","32.0","MONTREAL PIERRE ELLIOTT TRUDEAU INTERNATIONAL QU, CA","  22.7","24","  19.1","24","1012.0","24","007.7"," 8","999.9"," 0","  3.9","24","  6.0","999.9","  28.8","*","  16.2","*"," 0.01","G","  3.1","000000"
"71183099999","2025-01-18","45.4666666","-73.7333333","32.0","MONTREAL PIERRE ELLIOTT TRUDEAU INTERNATIONAL QU, CA","  32.8","24","  26.0","24","1007.2","24","003.7"," 8","999.9"," 0"," 11.1","24"," 15.9"," 19.0","  36.0"," ","  16.3"," "," 0.00","G","  2.4","000000"
"71183099999","2025-01-19","45.4666666","-73.7333333","32.0","MONTREAL PIERRE ELLIOTT TRUDEAU INTERNATIONAL QU, CA","  21.6","24","  15.6","24","1012.0","24","007.5"," 8","999.9"," 0","  7.8","24"," 12.0"," 15.9","  36.7"," ","  12.2"," "," 0.13","G","  2.0","000000"
"71183099999","2025-01-20","45.4666666","-73.7333333","32.0","MONTREAL PIERRE ELLIOTT TRUDEAU INTERNATIONAL QU, CA","   8.6","24","  -1.7","24","1019.5","24","014.8"," 8","999.9"," 0","  8.4","24"," 12.0"," 16.9","  14.9","*","   3.2","*"," 0.01","G","  2.0","000000"
"71183099999","2025-01-21","45.4666666","-73.7333333","32.0","MONTREAL PIERRE ELLIOTT TRUDEAU INTERNATIONAL QU, CA","   7.3","24","  -3.0","24","1027.6","24","023.3"," 8","999.9"," 0","  6.3","24","  9.9"," 15.9","  12.6"," ","   1.6"," "," 0.00","G","  2.0","000000"
"71183099999","2025-01-22","45.4666666","-73.7333333","32.0","MONTREAL PIERRE ELLIOTT TRUDEAU INTERNATIONAL QU, CA","   8.3","23","  -3.3","23","1030.1","23","025.7"," 7","999.9"," 0","  5.3","23","  8.9","999.9","  14.4","*","   2.1","*"," 0.00","G","  2.0","000000"
"71183099999","2025-01-23","45.4666666","-73.7333333","32.0","MONTREAL PIERRE ELLIOTT TRUDEAU INTERNATIONAL QU, CA","  15.8","18","   7.7","18","1021.9","18","020.4"," 5","999.9"," 0","  7.3","18","  8.9","999.9","  19.8","*","  12.2","*"," 0.02","G","  2.0","000000"
"71183099999","2025-01-24","45.4666666","-73.7333333","32.0","MONTREAL PIERRE ELLIOTT TRUDEAU INTERNATIONAL QU, CA","  13.8","24","   7.3","24","1019.2","24","014.8"," 8","999.9"," 0","  6.3","24","  8.9","999.9","  22.1"," ","   3.6"," "," 0.06","G","999.9","000000"
"71183099999","2025-01-25","45.4666666","-73.7333333","32.0","MONTREAL PIERRE ELLIOTT TRUDEAU INTERNATIONAL QU, CA","   9.3","24","   2.6","24","1023.0","24","019.0"," 8","999.9"," 0","  3.0","24","  8.0","999.9","  21.9","*","  -2.2","*"," 0.02","G","  2.4","000000"
"71183099999","2025-01-26","45.4666666","-73.7333333","32.0","MONTREAL PIERRE ELLIOTT TRUDEAU INTERNATIONAL QU, CA","  26.6","24","  17.7","24","1012.7","24","008.8"," 8","999.9"," 0"," 12.0","24"," 20.0"," 28.0","  31.6","*","  21.7","*"," 0.00","G","  3.9","000000"
"71183099999","2025-01-27","45.4666666","-73.7333333","32.0","MONTREAL PIERRE ELLIOTT TRUDEAU INTERNATIONAL QU, CA","  27.1","23","  15.7","23","1005.3","23","001.9"," 8","999.9"," 0"," 11.3","23"," 22.0"," 31.9","  35.1","*","  21.2","*"," 0.00","G","  3.1","000000"
"71183099999","2025-01-28","45.4666666","-73.7333333","32.0","MONTREAL PIERRE ELLIOTT TRUDEAU INTERNATIONAL QU, CA","  17.4","21","   8.2","21"," 997.8","21","993.1"," 8","999.9"," 0"," 13.3","21"," 22.0"," 35.9","  35.8"," ","   3.9"," "," 0.07","G","  2.8","000000"
"71183099999","2025-01-29","45.4666666","-73.7333333","32.0","MONTREAL PIERRE ELLIOTT TRUDEAU INTERNATIONAL QU, CA","  10.4","24","   4.7","24"," 997.2","24","993.2"," 8","999.9"," 0","  7.4","24"," 14.0"," 15.9","  29.7"," ","   3.9"," "," 0.11","G","  3.9","000000"
"71183099999","2025-01-30","45.4666666","-73.7333333","32.0","MONTREAL PIERRE ELLIOTT TRUDEAU INTERNATIONAL QU, CA","   5.9","24","  -4.6","24","1017.4","24","012.5"," 8","999.9"," 0","  8.8","24"," 13.0"," 18.1","  17.2"," ","  -2.4"," "," 0.03","G","  6.3","000000"
"71183099999","2025-01-31","45.4666666","-73.7333333","32.0","MONTREAL PIERRE ELLIOTT TRUDEAU INTERNATIONAL QU, CA","  16.1","24","  10.9","24","1013.5","24","010.4"," 7","999.9"," 0","  4.7","24","  8.9","999.9","  27.5"," ","  -2.4"," "," 0.04","G","  5.9","000000"
"71183099999","2025-02-01","45.4666666","-73.7333333","32.0","MONTREAL PIERRE ELLIOTT TRUDEAU INTERNATIONAL QU, CA","  10.9","24","  -1.8","24","1020.3","24","015.3"," 8","999.9"," 0","  9.0","24"," 15.0"," 22.0","  27.5"," ","   3.6"," "," 0.00","G","  5.1","000000"
"71183099999","2025-02-02","45.4666666","-73.7333333","32.0","MONTREAL PIERRE ELLIOTT TRUDEAU INTERNATIONAL QU, CA","   2.6","24","  -7.5","24","1034.4","24","030.5"," 8","999.9"," 0","  4.5","24"," 11.1","999.9","  16.5"," ","  -8.7"," "," 0.00","G","  5.1","000000"
"71183099999","2025-02-03","45.4666666","-73.7333333","32.0","MONTREAL PIERRE ELLIOTT TRUDEAU INTERNATIONAL QU, CA","  16.2","24","  12.8","24","1016.7","24","013.2"," 8","999.9"," 0","  5.3","24"," 11.1","999.9","  27.3","*","   9.0","*"," 0.06","G","  5.9","000000"
"71183099999","2025-02-04","45.4666666","-73.7333333","32.0","MONTREAL PIERRE ELLIOTT TRUDEAU INTERNATIONAL QU, CA","  22.2","24","  14.5","24","1013.4","24","008.7"," 8","999.9"," 0","  9.6","24"," 15.9"," 21.0","  31.6"," ","  10.2"," "," 0.20","G","  7.5","000000"
"71183099999","2025-02-05","45.4666666","-73.7333333","32.0","MONTREAL PIERRE ELLIOTT TRUDEAU INTERNATIONAL QU, CA","   6.1","24","  -5.5","24","1029.1","24","024.6"," 8","999.9"," 0","  7.5","24"," 11.1"," 15.9","  25.0"," ","  -1.7"," "," 0.01","G","  5.5","000000"
"71183099999","2025-02-06","45.4666666","-73.7333333","32.0","MONTREAL PIERRE ELLIOTT TRUDEAU INTERNATIONAL QU, CA","   7.2","21","   2.1","21","1020.7","21","016.3"," 8","999.9"," 0","  5.9","21","  9.9","999.9","  15.3","*","   0.1","*"," 0.07","G","  5.5","000000"
"71183099999","2025-02-07","45.4666666","-73.7333333","32.0","MONTREAL PIERRE ELLIOTT TRUDEAU INTERNATIONAL QU, CA","  24.6","24","  17.9","24","1005.5","24","999.5"," 7","999.9"," 0"," 12.2","24"," 20.0"," 31.9","  32.4","*","  15.8","*"," 0.20","G","  8.7","000000"
"71183099999","2025-02-08","45.4666666","-73.7333333","32.0","MONTREAL PIERRE ELLIOTT TRUDEAU INTERNATIONAL QU, CA","  18.9","24","   9.5","24","1021.7","24","017.6"," 8","999.9"," 0","  6.0","24","  8.9","999.9","  32.7"," ","  14.4"," "," 0.01","G","  7.1","000000"
"71183099999","2025-02-09","45.4666666","-73.7333333","32.0","MONTREAL PIERRE ELLIOTT TRUDEAU INTERNATIONAL QU, CA","  20.7","24","  14.2","24","1017.6","24","013.3"," 7","999.9"," 0","  4.4","24","  8.0","999.9","  25.9"," ","  14.4"," "," 0.06","G","  7.9","000000"
"71183099999","2025-02-10","45.4666666","-73.7333333","32.0","MONTREAL PIERRE ELLIOTT TRUDEAU INTERNATIONAL QU, CA","  17.9","24","   7.6","24","1025.1","24","020.2"," 7","999.9"," 0","  6.0","24","  9.9","999.9","  26.1"," ","  12.0"," "," 0.01","G","  8.3","000000"
"71183099999","2025-02-11","45.4666666","-73.7333333","32.0","MONTREAL PIERRE ELLIOTT TRUDEAU INTERNATIONAL QU, CA","  19.2","22","   8.8","22","1024.7","22","021.1"," 6","999.9"," 0","  7.5","22"," 16.9"," 23.9","  25.7","*","  13.8","*"," 0.00","G","  7.9","000000"
"71183099999","2025-02-12","45.4666666","-73.7333333","32.0","MONTREAL PIERRE ELLIOTT TRUDEAU INTERNATIONAL QU, CA","   9.7","24","  -4.7","24","1029.9","24","025.6"," 8","999.9"," 0","  6.9","24","  9.9","999.9","  25.5"," ","   1.8"," "," 0.00","G","  6.7","000000"
"71183099999","2025-02-13","45.4666666","-73.7333333","32.0","MONTREAL PIERRE ELLIOTT TRUDEAU INTERNATIONAL QU, CA","  17.8","20","  11.8","20","1014.0","20","010.7"," 8","999.9"," 0","  9.7","20"," 15.0"," 20.0","  26.8"," ","   1.8"," "," 0.75","G","  9.1","000000"
"71183099999","2025-02-14","45.4666666","-73.7333333","32.0","MONTREAL PIERRE ELLIOTT TRUDEAU INTERNATIONAL QU, CA","  15.7","23","   6.2","23","1025.0","23","017.9"," 7","999.9"," 0"," 13.6","23"," 18.1"," 28.0","  26.8"," ","  10.2"," "," 0.12","G"," 12.2","000000"
"71183099999","2025-02-15","45.4666666","-73.7333333","32.0","MONTREAL PIERRE ELLIOTT TRUDEAU INTERNATIONAL QU, CA","  13.0","24","   1.0","24","1031.7","24","027.9"," 8","999.9"," 0","  4.7","24","  9.9","999.9","  19.6"," ","   5.5"," "," 0.00","G"," 11.8","000000"
"71183099999","2025-02-16","45.4666666","-73.7333333","32.0","MONTREAL PIERRE ELLIOTT TRUDEAU INTERNATIONAL QU, CA","  13.8","18","   9.8","18","1010.4","18","006.9"," 8","999.9"," 0"," 14.2","18"," 22.0"," 30.9","  18.1"," ","   6.8"," "," 0.30","G"," 11.8","000000"
"71183099999","2025-02-17","45.4666666","-73.7333333","32.0","MONTREAL PIERRE ELLIOTT TRUDEAU INTERNATIONAL QU, CA","  11.6","24","   5.1","24"," 996.2","24","991.5"," 8","999.9"," 0"," 15.7","24"," 21.0"," 29.9","  15.4"," ","   6.4"," "," 0.40","G"," 17.3","000000"
"71183099999","2025-02-18","45.4666666","-73.7333333","32.0","MONTREAL PIERRE ELLIOTT TRUDEAU INTERNATIONAL QU, CA","   8.2","24","  -3.0","24","1012.3","24","007.5"," 8","999.9"," 0"," 15.2","24"," 20.0"," 30.9","  14.7"," ","   4.5"," "," 0.00","G"," 10.6","000000"
"71183099999","2025-02-19","45.4666666","-73.7333333","32.0","MONTREAL PIERRE ELLIOTT TRUDEAU INTERNATIONAL QU, CA","   7.4","24","  -1.9","24","1023.8","24","019.4"," 8","999.9"," 0","  9.9","24"," 12.0"," 16.9","  14.9","*","   1.6","*"," 0.00","G"," 10.6","000000"
"71183099999","2025-02-20","45.4666666","-73.7333333","32.0","MONTREAL PIERRE ELLIOTT TRUDEAU INTERNATIONAL QU, CA","   8.5","21","  -1.0","21","1019.9","21","016.2"," 7","999.9"," 0","  5.3","21","  8.9","999.9","  19.9","*","   0.7","*"," 0.00","G"," 10.6","000000"
"71183099999","2025-02-21","45.4666666","-73.7333333","32.0","MONTREAL PIERRE ELLIOTT TRUDEAU INTERNATIONAL QU, CA","  16.2","24","   7.4","24","1020.0","24","015.5"," 8","999.9"," 0"," 10.1","24"," 15.9"," 22.0","  20.3","*","  10.8","*"," 0.00","G"," 10.6","000000"
"71183099999","2025-02-22","45.4666666","-73.7333333","32.0","MONTREAL PIERRE ELLIOTT TRUDEAU INTERNATIONAL QU, CA","  15.8","24","   6.9","24","1024.5","24","020.7"," 8","999.9"," 0","  5.3","24","  9.9","999.9","  27.3","*","   7.2","*"," 0.00","G"," 10.6","000000"
"71183099999","2025-02-23","45.4666666","-73.7333333","32.0","MONTREAL PIERRE ELLIOTT TRUDEAU INTERNATIONAL QU, CA","  27.4","24","  21.2","24","1015.5","24","011.4"," 8","999.9"," 0","  7.7","24"," 12.0","999.9","  30.4","*","  25.2","*"," 0.00","G"," 10.6","000000"
"71183099999","2025-02-24","45.4666666","-73.7333333","32.0","MONTREAL PIERRE ELLIOTT TRUDEAU INTERNATIONAL QU, CA","  29.1","23","  22.6","23","1013.6","23","009.9"," 8","999.9"," 0","  6.3","23"," 15.9"," 21.0","  37.9","*","  23.2","*"," 0.00","G"," 10.2","000000"
"71183099999","2025-02-25","45.4666666","-73.7333333","32.0","MONTREAL PIERRE ELLIOTT TRUDEAU INTERNATIONAL QU, CA","  40.1","24","  31.9","24","1003.7","24","999.6"," 8","999.9"," 0","  7.5","24"," 15.0"," 21.0","  44.2"," ","  24.1"," "," 0.00","G","  9.4","000000"
"71183099999","2025-02-26","45.4666666","-73.7333333","32.0","MONTREAL PIERRE ELLIOTT TRUDEAU INTERNATIONAL QU, CA","  34.8","24","  28.2","24","1008.6","24","004.2"," 8","999.9"," 0","  7.2","24"," 11.1","999.9","  42.8"," ","  31.5"," "," 0.12","G","  7.5","000000"
"71183099999","2025-02-27","45.4666666","-73.7333333","32.0","MONTREAL PIERRE ELLIOTT TRUDEAU INTERNATIONAL QU, CA","  28.1","23","  22.5","23","1007.4","23","003.9"," 8","999.9"," 0","  5.8","23"," 11.1","999.9","  36.1"," ","  23.5"," "," 0.09","G","  7.1","000000"
"71183099999","2025-02-28","45.4666666","-73.7333333","32.0","MONTREAL PIERRE ELLIOTT TRUDEAU INTERNATIONAL QU, CA","  28.3","14","  21.6","14","1000.0","14","995.5"," 5","999.9"," 0","  8.9","14"," 17.1"," 22.0","  35.4","*","  16.9","*"," 0.19","G","999.9","000000"
"71183099999","2025-03-01","45.4666666","-73.7333333","32.0","MONTREAL PIERRE ELLIOTT TRUDEAU INTERNATIONAL QU, CA","  20.9","22","  15.6","22"," 997.4","22","993.8"," 8","999.9"," 0","  8.6","22"," 16.9"," 24.9","  35.6"," ","  13.8"," "," 0.28","G","  9.1","000000"
"71183099999","2025-03-02","45.4666666","-73.7333333","32.0","MONTREAL PIERRE ELLIOTT TRUDEAU INTERNATIONAL QU, CA","   5.3","23","  -5.4","23","1015.7","23","011.0"," 8","999.9"," 0"," 11.7","23"," 15.0"," 22.0","  29.5"," ","  -3.1"," "," 0.01","G","  9.1","000000"
"71183099999","2025-03-03","45.4666666","-73.7333333","32.0","MONTREAL PIERRE ELLIOTT TRUDEAU INTERNATIONAL QU, CA","   7.9","24","  -2.9","24","1023.4","24","019.2"," 8","999.9"," 0","  4.0","24","  8.0","999.9","  22.5","*","  -5.3","*"," 0.00","G","  7.9","000000"
"71183099999","2025-03-04","45.4666666","-73.7333333","32.0","MONTREAL PIERRE ELLIOTT TRUDEAU INTERNATIONAL QU, CA","  27.2","24","  19.6","24","1017.0","24","013.3"," 8","999.9"," 0","  5.7","24","  8.9","999.9","  36.9","*","  19.4","*"," 0.00","G","  7.9","000000"
"71183099999","2025-03-05","45.4666666","-73.7333333","32.0","MONTREAL PIERRE ELLIOTT TRUDEAU INTERNATIONAL QU, CA","  35.6","24","  33.3","23","1007.2","24","003.9"," 8","999.9"," 0","  6.9","24"," 11.1"," 18.1","  42.1","*","  31.8","*"," 0.18","G","  8.7","000000"
"71183099999","2025-03-06","45.4666666","-73.7333333","32.0","MONTREAL PIERRE ELLIOTT TRUDEAU INTERNATIONAL QU, CA","  41.1","24","  36.6","24"," 989.2","24","985.5"," 8","999.9"," 0"," 11.5","24"," 20.0"," 28.9","  47.5"," ","  33.6"," "," 0.27","G","  3.9","000000"
"71183099999","2025-03-07","45.4666666","-73.7333333","32.0","MONTREAL PIERRE ELLIOTT TRUDEAU INTERNATIONAL QU, CA","  24.8","24","  14.8","24"," 996.6","24","992.4"," 8","999.9"," 0"," 16.4","24"," 20.0"," 29.9","  44.6"," ","  17.8"," "," 0.02","G","  2.0","000000"
"71183099999","2025-03-08","45.4666666","-73.7333333","32.0","MONTREAL PIERRE ELLIOTT TRUDEAU INTERNATIONAL QU, CA","  24.3","24","   9.6","24"," 999.3","24","994.7"," 7","999.9"," 0"," 14.4","24"," 20.0"," 28.9","  33.1"," ","  17.8"," "," 0.00","G","  1.6","000000"
"71183099999","2025-03-09","45.4666666","-73.7333333","32.0","MONTREAL PIERRE ELLIOTT TRUDEAU INTERNATIONAL QU, CA","  28.3","24","  15.4","24","1006.0","24","001.9"," 8","999.9"," 0","  9.4","24"," 14.0"," 20.0","  36.1","*","  21.7","*"," 0.02","G","  1.6","000000"
"71183099999","2025-03-10","45.4666666","-73.7333333","32.0","MONTREAL PIERRE ELLIOTT TRUDEAU INTERNATIONAL QU, CA","  29.0","24","  23.0","24","1007.7","24","003.5"," 8","999.9"," 0","  5.0","24","  8.9","999.9","  36.7"," ","  21.7"," "," 0.07","G","  2.0","000000"
"71183099999","2025-03-11","45.4666666","-73.7333333","32.0","MONTREAL PIERRE ELLIOTT TRUDEAU INTERNATIONAL QU, CA","  38.0","22","  29.2","22","1002.5","22","998.7"," 8","999.9"," 0","  7.0","22"," 17.1"," 24.9","  58.3"," ","  23.7"," "," 0.00","G","  1.6","000000"
"71183099999","2025-03-12","45.4666666","-73.7333333","32.0","MONTREAL PIERRE ELLIOTT TRUDEAU INTERNATIONAL QU, CA","  26.5","24","  10.3","24","1017.0","24","011.7"," 7","999.9"," 0","  6.5","24"," 12.0"," 15.9","  41.2","*","  18.7","*"," 0.00","G","  0.4","000000"
"71183099999","2025-03-13","45.4666666","-73.7333333","32.0","MONTREAL PIERRE ELLIOTT TRUDEAU INTERNATIONAL QU, CA","  27.7","23","  15.0","23","1018.9","23","015.0"," 8","999.9"," 0","  5.1","23","  9.9","999.9","  43.3","*","  18.0","*"," 0.00","G","  0.4","000000"
"71183099999","2025-03-14","45.4666666","-73.7333333","32.0","MONTREAL PIERRE ELLIOTT TRUDEAU INTERNATIONAL QU, CA","  35.2","24","  23.7","24","1017.8","24","013.8"," 8","999.9"," 0","  2.9","24","  6.0","999.9","  51.1","*","  23.2","*"," 0.00","G","  0.4","000000"
"71183099999","2025-03-15","45.4666666","-73.7333333","32.0","MONTREAL PIERRE ELLIOTT TRUDEAU INTERNATIONAL QU, CA","  45.6","24","  33.9","24","1011.6","24","008.1"," 8","999.9"," 0","  6.4","24","  9.9","999.9","  60.1","*","  32.7","*"," 0.00","G","  0.4","000000"
"71183099999","2025-03-16","45.4666666","-73.7333333","32.0","MONTREAL PIERRE ELLIOTT TRUDEAU INTERNATIONAL QU, CA","  51.9","24","  44.7","24","1005.8","24","002.2"," 8","999.9"," 0"," 10.8","24"," 19.0"," 23.9","  61.5"," ","  32.4"," "," 0.00","G","  0.4","000000"
"71183099999","2025-03-17","45.4666666","-73.7333333","32.0","MONTREAL PIERRE ELLIOTT TRUDEAU INTERNATIONAL QU, CA","  43.2","24","  36.0","24","1010.2","24","005.4"," 8","999.9"," 0","  9.1","24"," 15.7"," 15.9","  58.5","*","  34.5","*"," 0.21","G","  0.4","000000"
"71183099999","2025-03-18","45.4666666","-73.7333333","32.0","MONTREAL PIERRE ELLIOTT TRUDEAU INTERNATIONAL QU, CA","  32.9","24","  19.7","24","1019.4","24","015.4"," 8","999.9"," 0","  4.1","24","  8.0","999.9","  49.3"," ","  21.7"," "," 0.00","G","  0.4","000000"
"71183099999","2025-03-19","45.4666666","-73.7333333","32.0","MONTREAL PIERRE ELLIOTT TRUDEAU INTERNATIONAL QU, CA","  43.5","24","  26.2","24","1014.1","24","010.5"," 8","999.9"," 0","  7.6","24"," 12.0"," 16.9","  66.2","*","  31.3","*"," 0.00","G","  0.4","000000"
"71183099999","2025-03-20","45.4666666","-73.7333333","32.0","MONTREAL PIERRE ELLIOTT TRUDEAU INTERNATIONAL QU, CA","  55.9","24","  33.3","24","1001.3","24","997.9"," 8","999.9"," 0"," 12.8","24"," 19.0"," 23.9","  67.3","*","  50.0","*"," 0.00","G","  0.4","000000"
"71183099999","2025-03-21","45.4666666","-73.7333333","32.0","MONTREAL PIERRE ELLIOTT TRUDEAU INTERNATIONAL QU, CA","  39.6","24","  25.9","24","1002.7","24","998.5"," 8","999.9"," 0"," 12.4","24"," 15.9"," 23.9","  52.2","*","  29.8","*"," 0.02","G","  0.4","000000"
"71183099999","2025-03-22","45.4666666","-73.7333333","32.0","MONTREAL PIERRE ELLIOTT TRUDEAU INTERNATIONAL QU, CA","  39.6","23","  24.5","23","1002.3","23","998.5"," 8","999.9"," 0","  6.8","23"," 12.0"," 16.9","  53.2"," ","  29.3"," "," 0.00","G","  0.4","000000"
"71183099999","2025-03-23","45.4666666","-73.7333333","32.0","MONTREAL PIERRE ELLIOTT TRUDEAU INTERNATIONAL QU, CA","  21.7","24","   7.1","24","1018.3","24","013.6"," 8","999.9"," 0"," 11.1","24"," 22.9"," 30.9","  28.9","*","  14.2","*"," 0.06","G","  0.4","000000"
"71183099999","2025-03-24","45.4666666","-73.7333333","32.0","MONTREAL PIERRE ELLIOTT TRUDEAU INTERNATIONAL QU, CA","  29.3","24","  20.0","24","1012.0","24","008.7"," 8","999.9"," 0","  7.1","24"," 14.0"," 19.0","  38.5","*","  22.3","*"," 0.14","G","  0.4","000000"
"71183099999","2025-03-25","45.4666666","-73.7333333","32.0","MONTREAL PIERRE ELLIOTT TRUDEAU INTERNATIONAL QU, CA","  36.6","23","  32.1","23","1005.9","23","001.7"," 8","999.9"," 0","  8.5","23"," 12.0"," 19.0","  39.9"," ","  23.5"," "," 0.09","G","  0.4","000000"
"71183099999","2025-03-26","45.4666666","-73.7333333","32.0","MONTREAL PIERRE ELLIOTT TRUDEAU INTERNATIONAL QU, CA","  34.8","22","  28.6","22","1014.0","22","009.8"," 8","999.9"," 0","  7.5","22"," 11.1"," 18.1","  40.5"," ","  31.6"," "," 0.03","G","  0.4","000000"
"71183099999","2025-03-27","45.4666666","-73.7333333","32.0","MONTREAL PIERRE ELLIOTT TRUDEAU INTERNATIONAL QU, CA","  32.7","18","  21.5","18","1018.6","18","014.4"," 6","999.9"," 0","  7.5","18"," 13.0"," 18.1","  40.8","*","  28.6","*"," 0.02","G","  0.4","000000"
"71183099999","2025-03-28","45.4666666","-73.7333333","32.0","MONTREAL PIERRE ELLIOTT TRUDEAU INTERNATIONAL QU, CA","  31.0","16","  15.1","16","1020.1","16","015.5"," 5","999.9"," 0"," 10.0","16"," 16.9"," 22.9","  45.9"," ","  23.9"," "," 0.00","G","  0.4","000000"
"71183099999","2025-03-29","45.4666666","-73.7333333","32.0","MONTREAL PIERRE ELLIOTT TRUDEAU INTERNATIONAL QU, CA","  28.5","24","  16.1","24","1020.4","24","016.2"," 8","999.9"," 0","  9.2","24"," 16.9"," 22.9","  38.7"," ","  22.6"," "," 0.09","G","999.9","000000"
"71183099999","2025-03-30","45.4666666","-73.7333333","32.0","MONTREAL PIERRE ELLIOTT TRUDEAU INTERNATIONAL QU, CA","  31.6","24","  19.2","23","1019.6","24","016.1"," 8","999.9"," 0","  8.1","24"," 13.0"," 16.9","  34.9"," ","  22.6"," "," 0.01","G","  0.4","000000"
"71183099999","2025-03-31","45.4666666","-73.7333333","32.0","MONTREAL PIERRE ELLIOTT TRUDEAU INTERNATIONAL QU, CA","  41.1","23","  39.6","22","1001.8","23","998.2"," 8","999.9"," 0","  7.1","23"," 11.1"," 19.0","  55.9","*","  34.0","*"," 1.02","G","  0.4","000000"
"71183099999","2025-04-01","45.4666666","-73.7333333","32.0","MONTREAL PIERRE ELLIOTT TRUDEAU INTERNATIONAL QU, CA","  34.3","24","  21.9","24","1012.5","24","007.5"," 8","999.9"," 0"," 13.1","24"," 18.1"," 26.0","  56.8"," ","  29.7"," "," 0.03","G","999.9","000000"
"71183099999","2025-04-02","45.4666666","-73.7333333","32.0","MONTREAL PIERRE ELLIOTT TRUDEAU INTERNATIONAL QU, CA","  26.9","24","   6.4","24","1031.9","24","027.7"," 8","999.9"," 0","  7.2","24"," 14.0"," 19.0","  36.9"," ","  19.0"," "," 0.00","G","999.9","000000"
"71183099999","2025-04-03","45.4666666","-73.7333333","32.0","MONTREAL PIERRE ELLIOTT TRUDEAU INTERNATIONAL QU, CA","  43.2","24","  37.8","24","1012.5","24","009.6"," 8","999.9"," 0"," 11.5","24"," 18.1"," 23.9","  65.5","*","  30.7","*"," 1.00","G","999.9","000000"
"71183099999","2025-04-04","45.4666666","-73.7333333","32.0","MONTREAL PIERRE ELLIOTT TRUDEAU INTERNATIONAL QU, CA","  45.9","24","  29.8","24","1019.0","24","014.1"," 8","999.9"," 0"," 12.1","24"," 22.0"," 30.9","  66.4"," ","  33.4"," "," 0.00","G","999.9","000000"
"71183099999","2025-04-05","45.4666666","-73.7333333","32.0","MONTREAL PIERRE ELLIOTT TRUDEAU INTERNATIONAL QU, CA","  40.5","24","  29.5","24","1022.9","24","019.6"," 8","999.9"," 0","  9.1","24"," 18.1"," 28.0","  51.4"," ","  35.6"," "," 0.05","G","999.9","000000"
"71183099999","2025-04-06","45.4666666","-73.7333333","32.0","MONTREAL PIERRE ELLIOTT TRUDEAU INTERNATIONAL QU, CA","  42.3","24","  35.0","23","1009.1","24","005.2"," 8","999.9"," 0"," 10.0","24"," 15.9"," 22.9","  46.9"," ","  35.6"," "," 0.40","G","999.9","000000"
"71183099999","2025-04-07","45.4666666","-73.7333333","32.0","MONTREAL PIERRE ELLIOTT TRUDEAU INTERNATIONAL QU, CA","  38.3","24","  16.4","24","1011.2","24","007.6"," 8","999.9"," 0","  5.2","24","  8.0","999.9","  46.9"," ","  30.7"," "," 0.00","G","999.9","000000"
"71183099999","2025-04-08","45.4666666","-73.7333333","32.0","MONTREAL PIERRE ELLIOTT TRUDEAU INTERNATIONAL QU, CA","  34.0","24","  25.2","24","1002.0","24","997.8"," 8","999.9"," 0","  9.2","24"," 13.0"," 22.0","  43.9","*","  24.4","*"," 0.15","G","999.9","000000"
"71183099999","2025-04-09","45.4666666","-73.7333333","32.0","MONTREAL PIERRE ELLIOTT TRUDEAU INTERNATIONAL QU, CA","  26.3","24","  14.3","24","1019.3","24","014.7"," 8","999.9"," 0","  9.7","24"," 14.0"," 20.0","  39.7"," ","  19.4"," "," 0.09","G","  1.2","000000"
"71183099999","2025-04-10","45.4666666","-73.7333333","32.0","MONTREAL PIERRE ELLIOTT TRUDEAU INTERNATIONAL QU, CA","  35.4","24","  19.0","24","1025.7","24","021.6"," 8","999.9"," 0","  4.9","24","  8.0","999.9","  44.6","*","  27.7","*"," 0.00","G","999.9","000000"
"71183099999","2025-04-11","45.4666666","-73.7333333","32.0","MONTREAL PIERRE ELLIOTT TRUDEAU INTERNATIONAL QU, CA","  41.6","24","  33.2","24","1022.5","24","018.6"," 8","999.9"," 0","  5.7","24","  8.0","999.9","  45.7"," ","  27.0"," "," 0.05","G","999.9","000000"
"71183099999","2025-04-12","45.4666666","-73.7333333","32.0","MONTREAL PIERRE ELLIOTT TRUDEAU INTERNATIONAL QU, CA","  43.3","24","  35.7","24","1020.4","24","016.5"," 8","999.9"," 0","  7.0","24","  9.9","999.9","  50.2","*","  36.1","*"," 0.02","G","999.9","000000"
"71183099999","2025-04-13","45.4666666","-73.7333333","32.0","MONTREAL PIERRE ELLIOTT TRUDEAU INTERNATIONAL QU, CA","  46.9","24","  35.5","24","1016.1","24","012.4"," 8","999.9"," 0","  7.0","24"," 12.0","999.9","  57.4","*","  41.4","*"," 0.00","G","999.9","000000"
"71183099999","2025-04-14","45.4666666","-73.7333333","32.0","MONTREAL PIERRE ELLIOTT TRUDEAU INTERNATIONAL QU, CA","  49.3","24","  28.3","24","1009.5","24","006.0"," 8","999.9"," 0","  4.9","24","  8.9","999.9","  60.8","*","  34.0","*"," 0.00","G","999.9","000000"
"71183099999","2025-04-15","45.4666666","-73.7333333","32.0","MONTREAL PIERRE ELLIOTT TRUDEAU INTERNATIONAL QU, CA","  52.4","24","  38.0","24"," 995.6","24","992.3"," 8","999.9"," 0","  7.7","24"," 18.1"," 27.0","  61.5"," ","  34.0"," "," 0.11","G","999.9","000000"
"71183099999","2025-04-16","45.4666666","-73.7333333","32.0","MONTREAL PIERRE ELLIOTT TRUDEAU INTERNATIONAL QU, CA","  37.8","21","  32.4","21"," 998.5","21","993.9"," 7","999.9"," 0"," 13.5","21"," 16.9"," 23.9","  43.3","*","  33.8","*"," 0.00","G","999.9","000000"
"71183099999","2025-04-17","45.4666666","-73.7333333","32.0","MONTREAL PIERRE ELLIOTT TRUDEAU INTERNATIONAL QU, CA","  38.4","24","  19.7","24","1015.7","21","010.4"," 8","999.9"," 0"," 12.2","24"," 17.1"," 24.9","  48.7","*","  32.4","*"," 0.03","G","999.9","000000"
"71183099999","2025-04-18","45.4666666","-73.7333333","32.0","MONTREAL PIERRE ELLIOTT TRUDEAU INTERNATIONAL QU, CA","  45.9","24","  23.4","24","1017.9","24","014.2"," 8","999.9"," 0","  6.3","24"," 13.0"," 18.1","  57.4","*","  32.7","*"," 0.00","G","999.9","000000"
"71183099999","2025-04-19","45.4666666","-73.7333333","32.0","MONTREAL PIERRE ELLIOTT TRUDEAU INTERNATIONAL QU, CA","  57.4","24","  49.8","23","1006.7","24","003.1"," 8","999.9"," 0","  5.7","24"," 14.0"," 20.0","  68.0","*","  50.9","*"," 0.13","G","999.9","000000"
"71183099999","2025-04-20","45.4666666","-73.7333333","32.0","MONTREAL PIERRE ELLIOTT TRUDEAU INTERNATIONAL QU, CA","  46.7","24","  28.5","24","1020.6","24","015.6"," 8","999.9"," 0"," 15.0","24"," 21.0"," 28.9","  68.5"," ","  36.1"," "," 0.02","G","999.9","000000"
"71183099999","2025-04-21","45.4666666","-73.7333333","32.0","MONTREAL PIERRE ELLIOTT TRUDEAU INTERNATIONAL QU, CA","  44.7","24","  19.6","24","1024.8","24","021.4"," 8","999.9"," 0","  6.1","24"," 12.0"," 16.9","  56.1","*","  34.9","*"," 0.00","G","999.9","000000"
"71183099999","2025-04-22","45.4666666","-73.7333333","32.0","MONTREAL PIERRE ELLIOTT TRUDEAU INTERNATIONAL QU, CA","  49.5","24","  41.1","24","1011.3","24","007.3"," 8","999.9"," 0","  9.9","24"," 15.9"," 27.0","  56.3"," ","  33.3"," "," 0.26","G","999.9","000000"
"71183099999","2025-04-23","45.4666666","-73.7333333","32.0","MONTREAL PIERRE ELLIOTT TRUDEAU INTERNATIONAL QU, CA","  48.9","24","  33.1","24","1020.3","24","016.0"," 8","999.9"," 0"," 10.0","24"," 13.0"," 21.0","  58.5","*","  38.3","*"," 0.01","G","999.9","000000"
"71183099999","2025-04-24","45.4666666","-73.7333333","32.0","MONTREAL PIERRE ELLIOTT TRUDEAU INTERNATIONAL QU, CA","  50.5","24","  33.0","24","1024.2","24","020.2"," 8","999.9"," 0","  4.0","24","  8.0","999.9","  65.1","*","  36.7","*"," 0.00","G","999.9","000000"
"71183099999","2025-04-25","45.4666666","-73.7333333","32.0","MONTREAL PIERRE ELLIOTT TRUDEAU INTERNATIONAL QU, CA","  54.3","23","  36.1","23","1022.0","23","018.3"," 8","999.9"," 0","  7.6","23"," 12.0"," 16.9","  65.5"," ","  36.1"," "," 0.00","G","999.9","000000"
"71183099999","2025-04-26","45.4666666","-73.7333333","32.0","MONTREAL PIERRE ELLIOTT TRUDEAU INTERNATIONAL QU, CA","  50.0","24","  42.7","22","1009.2","24","005.8"," 8","999.9"," 0"," 10.0","24"," 13.0"," 20.0","  57.2","*","  45.5","*"," 0.26","G","999.9","000000"
"71183099999","2025-04-27","45.4666666","-73.7333333","32.0","MONTREAL PIERRE ELLIOTT TRUDEAU INTERNATIONAL QU, CA","  46.1","24","  39.1","24","1011.2","24","006.9"," 8","999.9"," 0","  9.1","24"," 15.9"," 22.9","  64.0","*","  36.0","*"," 0.51","G","999.9","000000"
"71183099999","2025-04-28","45.4666666","-73.7333333","32.0","MONTREAL PIERRE ELLIOTT TRUDEAU INTERNATIONAL QU, CA","  55.0","22","  32.3","22","1021.8","22","017.7"," 7","999.9"," 0","  7.1","22"," 14.0"," 18.1","  69.4","*","  42.4","*"," 0.00","G","999.9","000000"
"71183099999","2025-04-29","45.4666666","-73.7333333","32.0","MONTREAL PIERRE ELLIOTT TRUDEAU INTERNATIONAL QU, CA","  61.7","22","  42.3","22","1011.4","22","008.3"," 8","999.9"," 0","  7.2","22"," 13.0"," 19.0","  74.8","*","  48.7","*"," 0.00","G","999.9","000000"
"71183099999","2025-04-30","45.4666666","-73.7333333","32.0","MONTREAL PIERRE ELLIOTT TRUDEAU INTERNATIONAL QU, CA","  48.4","23","  33.7","23","1012.5","23","007.3"," 7","999.9"," 0"," 12.9","23"," 24.1"," 34.0","  65.7","*","  35.1","*"," 0.04","C","999.9","000000"
"71183099999","2025-05-01","45.4666666","-73.7333333","32.0","MONTREAL PIERRE ELLIOTT TRUDEAU INTERNATIONAL QU, CA","  48.8","24","  25.7","24","1020.5","24","016.8"," 8","999.9"," 0","  4.9","24","  7.0","999.9","  61.0","*","  39.0","*"," 0.02","G","999.9","000000"
"71183099999","2025-05-02","45.4666666","-73.7333333","32.0","MONTREAL PIERRE ELLIOTT TRUDEAU INTERNATIONAL QU, CA","  59.1","22","  48.2","22","1007.0","22","004.0"," 7","999.9"," 0","  9.6","22"," 15.0"," 22.9","  71.4","*","  50.9","*"," 0.03","G","999.9","000000"
"71183099999","2025-05-03","45.4666666","-73.7333333","32.0","MONTREAL PIERRE ELLIOTT TRUDEAU INTERNATIONAL QU, CA","  55.1","24","  43.1","24","1011.7","24","007.5"," 8","999.9"," 0","  5.6","24"," 11.1"," 15.9","  72.0"," ","  48.6"," "," 0.00","G","999.9","000000"
"71183099999","2025-05-04","45.4666666","-73.7333333","32.0","MONTREAL PIERRE ELLIOTT TRUDEAU INTERNATIONAL QU, CA","  56.7","23","  43.4","23","1015.1","23","011.0"," 8","999.9"," 0","  3.1","23","  7.0","999.9","  66.6","*","  47.8","*"," 0.01","G","999.9","000000"
"71183099999","2025-05-05","45.4666666","-73.7333333","32.0","MONTREAL PIERRE ELLIOTT TRUDEAU INTERNATIONAL QU, CA","  60.6","24","  35.5","24","1022.4","24","018.2"," 8","999.9"," 0","  9.7","24"," 14.0"," 20.0","  74.8","*","  49.5","*"," 0.00","G","999.9","000000"
"71183099999","2025-05-06","45.4666666","-73.7333333","32.0","MONTREAL PIERRE ELLIOTT TRUDEAU INTERNATIONAL QU, CA","  63.2","23","  56.1","23","1019.2","23","016.0"," 8","999.9"," 0","  8.9","23"," 18.1"," 23.9","  75.0"," ","  49.3"," "," 0.35","G","999.9","000000"
"71183099999","2025-05-07","45.4666666","-73.7333333","32.0","MONTREAL PIERRE ELLIOTT TRUDEAU INTERNATIONAL QU, CA","  62.6","24","  53.9","24","1010.8","24","007.0"," 8","999.9"," 0","  8.0","24"," 12.0","999.9","  73.8"," ","  56.5"," "," 0.00","G","999.9","000000"
"71183099999","2025-05-08","45.4666666","-73.7333333","32.0","MONTREAL PIERRE ELLIOTT TRUDEAU INTERNATIONAL QU, CA","  49.3","24","  40.5","24","1018.8","24","014.4"," 8","999.9"," 0","  8.8","24"," 13.0"," 15.0","  67.8"," ","  43.9"," "," 0.00","G","999.9","000000"
"71183099999","2025-05-09","45.4666666","-73.7333333","32.0","MONTREAL PIERRE ELLIOTT TRUDEAU INTERNATIONAL QU, CA","  44.8","24","  41.7","24","1020.8","24","017.0"," 8","999.9"," 0"," 10.2","24"," 12.0"," 15.9","  50.9"," ","  41.9"," "," 0.05","G","999.9","000000"
"71183099999","2025-05-10","45.4666666","-73.7333333","32.0","MONTREAL PIERRE ELLIOTT TRUDEAU INTERNATIONAL QU, CA","  50.4","24","  46.7","24","1013.8","24","010.1"," 8","999.9"," 0","  7.2","24"," 13.0","999.9","  65.1","*","  44.8","*"," 0.52","G","999.9","000000"
"71183099999","2025-05-11","45.4666666","-73.7333333","32.0","MONTREAL PIERRE ELLIOTT TRUDEAU INTERNATIONAL QU, CA","  52.0","24","  29.1","24","1022.8","24","018.3"," 8","999.9"," 0","  8.8","24"," 13.0"," 18.1","  65.5"," ","  37.8"," "," 0.00","G","999.9","000000"
"71183099999","2025-05-12","45.4666666","-73.7333333","32.0","MONTREAL PIERRE ELLIOTT TRUDEAU INTERNATIONAL QU, CA","  58.4","24","  33.0","24","1022.6","24","019.4"," 7","999.9"," 0","  6.1","24","  9.9"," 15.9","  68.2","*","  50.9","*"," 0.00","G","999.9","000000"
"71183099999","2025-05-13","45.4666666","-73.7333333","32.0","MONTREAL PIERRE ELLIOTT TRUDEAU INTERNATIONAL QU, CA","  65.2","24","  40.6","24","1020.8","24","016.9"," 8","999.9"," 0","  6.1","24"," 11.1"," 15.9","  79.0","*","  50.9","*"," 0.00","G","999.9","000000"
"71183099999","2025-05-14","45.4666666","-73.7333333","32.0","MONTREAL PIERRE ELLIOTT TRUDEAU INTERNATIONAL QU, CA","  70.0","24","  51.6","24","1017.5","24","013.7"," 8","999.9"," 0","  5.5","24"," 12.0"," 15.9","  80.6","*","  55.0","*"," 0.00","G","999.9","000000"
"71183099999","2025-05-15","45.4666666","-73.7333333","32.0","MONTREAL PIERRE ELLIOTT TRUDEAU INTERNATIONAL QU, CA","  71.5","24","  58.0","24","1011.9","24","008.4"," 8","999.9"," 0","  5.1","24","  9.9","999.9","  81.9"," ","  54.7"," "," 0.00","G","999.9","000000"
"71183099999","2025-05-16","45.4666666","-73.7333333","32.0","MONTREAL PIERRE ELLIOTT TRUDEAU INTERNATIONAL QU, CA","  71.8","24","  61.1","24","1004.6","24","001.3"," 8","999.9"," 0","  4.3","24","  9.9","999.9","  82.6","*","  61.7","*"," 0.00","G","999.9","000000"
"71183099999","2025-05-17","45.4666666","-73.7333333","32.0","MONTREAL PIERRE ELLIOTT TRUDEAU INTERNATIONAL QU, CA","  64.6","24","  62.0","24"," 998.5","24","995.0"," 8","999.9"," 0","  5.1","24","  9.9","999.9","  84.4"," ","  59.4"," "," 0.72","G","999.9","000000"
"71183099999","2025-05-18","45.4666666","-73.7333333","32.0","MONTREAL PIERRE ELLIOTT TRUDEAU INTERNATIONAL QU, CA","  57.0","24","  53.5","24"," 996.7","24","992.5"," 8","999.9"," 0","  9.2","24"," 15.0"," 20.0","  64.4","*","  50.7","*"," 0.19","G","999.9","000000"
"71183099999","2025-05-19","45.4666666","-73.7333333","32.0","MONTREAL PIERRE ELLIOTT TRUDEAU INTERNATIONAL QU, CA","  47.7","24","  41.2","24","1008.7","24","004.3"," 8","999.9"," 0"," 10.2","24"," 15.9"," 24.9","  59.0"," ","  45.7"," "," 0.52","G","999.9","000000"
"71183099999","2025-05-20","45.4666666","-73.7333333","32.0","MONTREAL PIERRE ELLIOTT TRUDEAU INTERNATIONAL QU, CA","  47.8","24","  38.2","24","1016.7","24","012.6"," 8","999.9"," 0","  7.9","24"," 13.0"," 18.1","  53.6","*","  44.2","*"," 0.00","G","999.9","000000"
"71183099999","2025-05-21","45.4666666","-73.7333333","32.0","MONTREAL PIERRE ELLIOTT TRUDEAU INTERNATIONAL QU, CA","  53.7","24","  44.1","24","1016.9","24","013.2"," 8","999.9"," 0","  7.5","24"," 11.1"," 15.0","  62.1","*","  48.6","*"," 0.01","G","999.9","000000"
"71183099999","2025-05-22","45.4666666","-73.7333333","32.0","MONTREAL PIERRE ELLIOTT TRUDEAU INTERNATIONAL QU, CA","  52.0","24","  41.1","24","1014.2","24","010.3"," 7","999.9"," 0","  9.4","24"," 14.0"," 18.1","  60.3","*","  47.7","*"," 0.01","G","999.9","000000"
"71183099999","2025-05-23","45.4666666","-73.7333333","32.0","MONTREAL PIERRE ELLIOTT TRUDEAU INTERNATIONAL QU, CA","  47.9","24","  42.7","24","1010.0","24","006.2"," 8","999.9"," 0","  7.6","24"," 11.1"," 15.0","  49.6","*","  45.5","*"," 0.11","G","999.9","000000"
"71183099999","2025-05-24","45.4666666","-73.7333333","32.0","MONTREAL PIERRE ELLIOTT TRUDEAU INTERNATIONAL QU, CA","  47.3","24","  44.2","24","1011.0","24","006.9"," 8","999.9"," 0","  5.3","24","  8.0","999.9","  52.0","*","  44.1","*"," 0.24","G","999.9","000000"
"71183099999","2025-05-25","45.4666666","-73.7333333","32.0","MONTREAL PIERRE ELLIOTT TRUDEAU INTERNATIONAL QU, CA","  52.4","24","  46.3","24","1016.2","24","012.2"," 8","999.9"," 0","  5.6","24","  9.9","999.9","  64.2"," ","  44.1"," "," 0.30","G","999.9","000000"
"71183099999","2025-05-26","45.4666666","-73.7333333","32.0","MONTREAL PIERRE ELLIOTT TRUDEAU INTERNATIONAL QU, CA","  57.2","24","  49.7","24","1020.6","24","016.5"," 8","999.9"," 0","  4.9","24"," 12.0"," 20.0","  70.0"," ","  44.6"," "," 0.11","G","999.9","000000"
"71183099999","2025-05-27","45.4666666","-73.7333333","32.0","MONTREAL PIERRE ELLIOTT TRUDEAU INTERNATIONAL QU, CA","  65.2","20","  47.8","20","1024.0","20","020.2"," 6","999.9"," 0","  6.0","20","  8.9","999.9","  78.1","*","  53.4","*"," 0.20","G","999.9","000000"
"71183099999","2025-05-28","45.4666666","-73.7333333","32.0","MONTREAL PIERRE ELLIOTT TRUDEAU INTERNATIONAL QU, CA","  68.7","24","  44.5","24","1022.6","24","018.8"," 8","999.9"," 0","  3.4","24","  5.1","999.9","  80.4","*","  54.1","*"," 0.00","G","999.9","000000"
"71183099999","2025-05-29","45.4666666","-73.7333333","32.0","MONTREAL PIERRE ELLIOTT TRUDEAU INTERNATIONAL QU, CA","  64.6","24","  51.8","24","1015.5","24","012.0"," 8","999.9"," 0","  5.1","24","  9.9"," 15.0","  81.9"," ","  53.1"," "," 0.00","G","999.9","000000"
"71183099999","2025-05-30","45.4666666","-73.7333333","32.0","MONTREAL PIERRE ELLIOTT TRUDEAU INTERNATIONAL QU, CA","  63.7","24","  54.7","24","1003.3","24","000.0"," 8","999.9"," 0","  8.3","24"," 12.0"," 18.1","  70.9","*","  58.8","*"," 0.00","G","999.9","000000"
"71183099999","2025-05-31","45.4666666","-73.7333333","32.0","MONTREAL PIERRE ELLIOTT TRUDEAU INTERNATIONAL QU, CA","  59.4","24","  52.3","24"," 992.4","24","988.9"," 8","999.9"," 0","  8.2","24"," 15.0"," 19.0","  68.4","*","  50.9","*"," 0.06","G","999.9","000000"
"71183099999","2025-06-01","45.4666666","-73.7333333","32.0","MONTREAL PIERRE ELLIOTT TRUDEAU INTERNATIONAL QU, CA","  50.5","24","  42.9","24"," 996.5","24","992.1"," 8","999.9"," 0"," 11.5","24"," 16.9"," 26.0","  55.4","*","  45.5","*"," 0.19","G","999.9","000000"
"71183099999","2025-06-02","45.4666666","-73.7333333","32.0","MONTREAL PIERRE ELLIOTT TRUDEAU INTERNATIONAL QU, CA","  56.0","23","  41.6","23","1009.1","23","004.8"," 7","999.9"," 0","  9.3","23"," 14.0"," 21.0","  68.0","*","  48.6","*"," 0.00","G","999.9","000000"
"71183099999","2025-06-03","45.4666666","-73.7333333","32.0","MONTREAL PIERRE ELLIOTT TRUDEAU INTERNATIONAL QU, CA","  63.7","24","  44.3","24","1015.9","24","011.9"," 8","999.9"," 0","  5.6","24","  9.9","999.9","  77.7","*","  50.5","*"," 0.00","C","999.9","000000"
"71183099999","2025-06-04","45.4666666","-73.7333333","32.0","MONTREAL PIERRE ELLIOTT TRUDEAU INTERNATIONAL QU, CA","  72.4","24","  55.0","24","1016.0","24","012.3"," 8","999.9"," 0","  6.7","24"," 11.1"," 16.9","  87.6","*","  58.6","*"," 0.00","G","999.9","000000"
"71183099999","2025-06-05","45.4666666","-73.7333333","32.0","MONTREAL PIERRE ELLIOTT TRUDEAU INTERNATIONAL QU, CA","  75.1","24","  62.0","24","1014.2","24","010.3"," 8","999.9"," 0","  7.3","24","  9.9"," 15.9","  88.3"," ","  58.3"," "," 0.00","G","999.9","000000"
"71183099999","2025-06-06","45.4666666","-73.7333333","32.0","MONTREAL PIERRE ELLIOTT TRUDEAU INTERNATIONAL QU, CA","  68.8","24","  56.0","24","1014.2","24","010.6"," 8","999.9"," 0","  4.6","24","  8.0","999.9","  80.2"," ","  57.6"," "," 0.00","G","999.9","000000"
"71183099999","2025-06-07","45.4666666","-73.7333333","32.0","MONTREAL PIERRE ELLIOTT TRUDEAU INTERNATIONAL QU, CA","  69.1","23","  54.5","23","1009.4","23","005.6"," 8","999.9"," 0","  5.8","23"," 12.0"," 19.0","  78.3","*","  62.2","*"," 0.00","G","999.9","000000"
"71183099999","2025-06-08","45.4666666","-73.7333333","32.0","MONTREAL PIERRE ELLIOTT TRUDEAU INTERNATIONAL QU, CA","  66.9","18","  43.4","18","1011.2","18","007.3"," 7","999.9"," 0","  5.8","18"," 11.1"," 15.9","  77.4","*","  55.0","*"," 0.00","A","999.9","000000"
"71183099999","2025-06-09","45.4666666","-73.7333333","32.0","MONTREAL PIERRE ELLIOTT TRUDEAU INTERNATIONAL QU, CA","  67.1","20","  53.5","20","1010.5","20","006.8"," 8","999.9"," 0"," 10.3","20"," 25.1"," 33.0","  77.7"," ","  54.5"," "," 0.04","G","999.9","000000"
"71183099999","2025-06-10","45.4666666","-73.7333333","32.0","MONTREAL PIERRE ELLIOTT TRUDEAU INTERNATIONAL QU, CA","  67.5","23","  58.7","23","1007.3","23","003.4"," 8","999.9"," 0"," 10.2","23"," 15.9"," 29.9","  77.0"," ","  59.7"," "," 0.20","G","999.9","000000"
"71183099999","2025-06-11","45.4666666","-73.7333333","32.0","MONTREAL PIERRE ELLIOTT TRUDEAU INTERNATIONAL QU, CA","  65.8","20","  53.4","20","1011.2","20","006.9"," 7","999.9"," 0","  9.6","20"," 13.0"," 20.0","  75.2","*","  60.1","*"," 0.34","G","999.9","000000"
"71183099999","2025-06-12","45.4666666","-73.7333333","32.0","MONTREAL PIERRE ELLIOTT TRUDEAU INTERNATIONAL QU, CA","  64.8","21","  52.9","21","1012.0","21","007.9"," 7","999.9"," 0","  9.5","21"," 18.1"," 24.9","  76.3"," ","  59.9"," "," 0.00","G","999.9","000000"
"71183099999","2025-06-13","45.4666666","-73.7333333","32.0","MONTREAL PIERRE ELLIOTT TRUDEAU INTERNATIONAL QU, CA","  56.5","24","  41.0","24","1021.1","24","017.0"," 8","999.9"," 0","  6.7","24"," 12.0"," 15.9","  69.6"," ","  47.8"," "," 0.00","G","999.9","000000"
"71183099999","2025-06-14","45.4666666","-73.7333333","32.0","MONTREAL PIERRE ELLIOTT TRUDEAU INTERNATIONAL QU, CA","  61.4","24","  40.7","24","1021.4","24","017.5"," 8","999.9"," 0","  5.2","24","  8.0","999.9","  70.2","*","  49.6","*"," 0.00","G","999.9","000000"
"71183099999","2025-06-15","45.4666666","-73.7333333","32.0","MONTREAL PIERRE ELLIOTT TRUDEAU INTERNATIONAL QU, CA","  65.0","24","  39.7","24","1020.5","24","016.6"," 8","999.9"," 0","  4.6","24","  8.0","999.9","  75.6"," ","  47.7"," "," 0.00","G","999.9","000000"
"71183099999","2025-06-16","45.4666666","-73.7333333","32.0","MONTREAL PIERRE ELLIOTT TRUDEAU INTERNATIONAL QU, CA","  69.4","24","  49.2","24","1018.9","24","015.7"," 7","999.9"," 0","  4.1","24","  9.9","999.9","  80.2"," ","  47.7"," "," 0.01","G","999.9","000000"
"71183099999","2025-06-17","45.4666666","-73.7333333","32.0","MONTREAL PIERRE ELLIOTT TRUDEAU INTERNATIONAL QU, CA","  74.0","24","  61.8","24","1013.8","24","010.2"," 8","999.9"," 0","  6.8","24"," 12.0","999.9","  80.8"," ","  53.8"," "," 0.00","G","999.9","000000"
"71183099999","2025-06-18","45.4666666","-73.7333333","32.0","MONTREAL PIERRE ELLIOTT TRUDEAU INTERNATIONAL QU, CA","  74.2","24","  66.0","24","1008.9","24","005.2"," 8","999.9"," 0","  8.3","24"," 12.0"," 15.0","  83.8","*","  67.5","*"," 0.00","G","999.9","000000"
"71183099999","2025-06-19","45.4666666","-73.7333333","32.0","MONTREAL PIERRE ELLIOTT TRUDEAU INTERNATIONAL QU, CA","  76.9","24","  68.3","24","1004.6","24","001.1"," 8","999.9"," 0","  4.8","24"," 13.0"," 19.0","  84.6"," ","  67.1"," "," 0.10","G","999.9","000000"
"71183099999","2025-06-20","45.4666666","-73.7333333","32.0","MONTREAL PIERRE ELLIOTT TRUDEAU INTERNATIONAL QU, CA","  67.6","24","  58.0","24","1002.4","24","998.2"," 8","999.9"," 0"," 11.4","24"," 18.1"," 24.9","  84.9"," ","  59.7"," "," 0.16","G","999.9","000000"
"71183099999","2025-06-21","45.4666666","-73.7333333","32.0","MONTREAL PIERRE ELLIOTT TRUDEAU INTERNATIONAL QU, CA","  67.7","24","  48.1","24","1015.6","24","011.5"," 7","999.9"," 0","  5.6","24","  9.9"," 15.0","  79.2","*","  58.1","*"," 0.00","G","999.9","000000"
"71183099999","2025-06-22","45.4666666","-73.7333333","32.0","MONTREAL PIERRE ELLIOTT TRUDEAU INTERNATIONAL QU, CA","  75.8","23","  65.7","23","1010.9","23","007.1"," 8","999.9"," 0","  9.4","23"," 14.0"," 23.9","  84.7"," ","  56.8"," "," 0.17","G","999.9","000000"
"71183099999","2025-06-23","45.4666666","-73.7333333","32.0","MONTREAL PIERRE ELLIOTT TRUDEAU INTERNATIONAL QU, CA","  81.1","24","  69.2","24","1014.5","24","010.8"," 8","999.9"," 0","  6.3","24"," 15.9"," 21.0","  93.6","*","  71.4","*"," 0.00","G","999.9","000000"
"71183099999","2025-06-24","45.4666666","-73.7333333","32.0","MONTREAL PIERRE ELLIOTT TRUDEAU INTERNATIONAL QU, CA","  86.1","24","  70.2","24","1013.5","24","009.6"," 8","999.9"," 0","  9.7","24"," 15.0"," 22.0","  95.2","*","  78.8","*"," 0.00","G","999.9","000000"
"71183099999","2025-06-25","45.4666666","-73.7333333","32.0","MONTREAL PIERRE ELLIOTT TRUDEAU INTERNATIONAL QU, CA","  77.3","24","  60.7","24","1016.6","24","012.7"," 8","999.9"," 0","  6.3","24"," 12.0"," 16.9","  95.4"," ","  70.5"," "," 0.00","G","999.9","000000"
"71183099999","2025-06-26","45.4666666","-73.7333333","32.0","MONTREAL PIERRE ELLIOTT TRUDEAU INTERNATIONAL QU, CA","  67.6","24","  43.2","24","1021.5","24","017.5"," 8","999.9"," 0","  7.7","24"," 13.0"," 19.0","  77.0","*","  61.7","*"," 0.00","G","999.9","000000"
"71183099999","2025-06-27","45.4666666","-73.7333333","32.0","MONTREAL PIERRE ELLIOTT TRUDEAU INTERNATIONAL QU, CA","  67.7","24","  45.5","24","1022.4","24","018.7"," 8","999.9"," 0","  5.9","24"," 13.0"," 18.1","  77.5"," ","  58.3"," "," 0.00","G","999.9","000000"
"71183099999","2025-06-28","45.4666666","-73.7333333","32.0","MONTREAL PIERRE ELLIOTT TRUDEAU INTERNATIONAL QU, CA","  66.1","24","  60.5","24","1012.8","24","009.3"," 8","999.9"," 0","  7.3","24"," 13.0"," 19.0","  79.2","*","  60.3","*"," 0.52","G","999.9","000000"
"71183099999","2025-06-29","45.4666666","-73.7333333","32.0","MONTREAL PIERRE ELLIOTT TRUDEAU INTERNATIONAL QU, CA","  69.0","24","  61.1","23","1012.8","24","008.8"," 8","999.9"," 0","  8.1","24"," 11.1"," 18.1","  80.2"," ","  59.9"," "," 0.00","G","999.9","000000"
"71183099999","2025-06-30","45.4666666","-73.7333333","32.0","MONTREAL PIERRE ELLIOTT TRUDEAU INTERNATIONAL QU, CA","  73.8","24","  61.8","24","1013.7","24","010.0"," 8","999.9"," 0","  5.2","24","  8.0","999.9","  85.5","*","  64.8","*"," 0.00","G","999.9","000000"
"71183099999","2025-07-01","45.4666666","-73.7333333","32.0","MONTREAL PIERRE ELLIOTT TRUDEAU INTERNATIONAL QU, CA","  77.1","24","  68.1","24","1005.7","24","002.1"," 8","999.9"," 0","  6.5","24"," 11.1"," 18.1","  85.8"," ","  64.4"," "," 0.11","G","999.9","000000"
"71183099999","2025-07-02","45.4666666","-73.7333333","32.0","MONTREAL PIERRE ELLIOTT TRUDEAU INTERNATIONAL QU, CA","  74.3","24","  65.0","24","1006.8","24","002.9"," 8","999.9"," 0","  8.2","24"," 12.0"," 19.0","  83.7"," ","  68.5"," "," 0.04","G","999.9","000000"
"71183099999","2025-07-03","45.4666666","-73.7333333","32.0","MONTREAL PIERRE ELLIOTT TRUDEAU INTERNATIONAL QU, CA","  70.8","19","  62.3","19","1007.8","19","003.7"," 8","999.9"," 0","  6.6","19"," 13.0"," 23.9","  84.0"," ","  64.2"," "," 0.04","G","999.9","000000"
"71183099999","2025-07-04","45.4666666","-73.7333333","32.0","MONTREAL PIERRE ELLIOTT TRUDEAU INTERNATIONAL QU, CA","  66.0","24","  50.8","24","1015.5","24","011.4"," 8","999.9"," 0","  8.1","24"," 11.1"," 16.9","  76.8","*","  55.4","*"," 0.00","G","999.9","000000"
"71183099999","2025-07-05","45.4666666","-73.7333333","32.0","MONTREAL PIERRE ELLIOTT TRUDEAU INTERNATIONAL QU, CA","  71.0","24","  56.2","24","1018.1","24","014.4"," 8","999.9"," 0","  5.7","24","  8.9","999.9","  79.3","*","  59.9","*"," 0.00","G","999.9","000000"
"71183099999","2025-07-06","45.4666666","-73.7333333","32.0","MONTREAL PIERRE ELLIOTT TRUDEAU INTERNATIONAL QU, CA","  78.1","24","  66.1","24","1011.4","24","007.8"," 8","999.9"," 0","  7.6","24"," 13.0"," 21.0","  91.6","*","  72.1","*"," 0.00","G","999.9","000000"
"71183099999","2025-07-07","45.4666666","-73.7333333","32.0","MONTREAL PIERRE ELLIOTT TRUDEAU INTERNATIONAL QU, CA","  67.4","24","  64.4","24","1011.6","24","007.7"," 8","999.9"," 0","  9.0","24"," 12.0"," 15.0","  76.3","*","  61.3","*"," 0.29","G","999.9","000000"
"71183099999","2025-07-08","45.4666666","-73.7333333","32.0","MONTREAL PIERRE ELLIOTT TRUDEAU INTERNATIONAL QU, CA","  67.2","24","  59.3","24","1015.5","24","011.5"," 8","999.9"," 0","  4.7","24","  8.9","999.9","  78.3","*","  61.0","*"," 0.37","G","999.9","000000"
"71183099999","2025-07-09","45.4666666","-73.7333333","32.0","MONTREAL PIERRE ELLIOTT TRUDEAU INTERNATIONAL QU, CA","  73.2","24","  62.4","24","1015.8","24","012.0"," 8","999.9"," 0","  3.8","24","  6.0","999.9","  81.5","*","  65.3","*"," 0.00","G","999.9","000000"
"71183099999","2025-07-10","45.4666666","-73.7333333","32.0","MONTREAL PIERRE ELLIOTT TRUDEAU INTERNATIONAL QU, CA","  75.9","24","  63.5","24","1013.5","24","009.7"," 8","999.9"," 0","  4.4","24","  8.9","999.9","  82.8","*","  69.3","*"," 0.00","G","999.9","000000"
"71183099999","2025-07-11","45.4666666","-73.7333333","32.0","MONTREAL PIERRE ELLIOTT TRUDEAU INTERNATIONAL QU, CA","  77.3","24","  65.2","24","1013.6","24","009.7"," 8","999.9"," 0","  4.8","24","  8.9","999.9","  87.3","*","  67.3","*"," 0.00","G","999.9","000000"
"71183099999","2025-07-12","45.4666666","-73.7333333","32.0","MONTREAL PIERRE ELLIOTT TRUDEAU INTERNATIONAL QU, CA","  81.1","24","  65.5","24","1015.3","24","011.5"," 8","999.9"," 0","  4.1","24","  8.9","999.9","  89.8"," ","  67.1"," "," 0.00","G","999.9","000000"
"71183099999","2025-07-13","45.4666666","-73.7333333","32.0","MONTREAL PIERRE ELLIOTT TRUDEAU INTERNATIONAL QU, CA","  78.6","24","  71.3","23","1013.4","24","009.7"," 8","999.9"," 0","  7.7","24"," 15.0"," 24.9","  90.3"," ","  70.0"," "," 0.70","G","999.9","000000"
"71183099999","2025-07-14","45.4666666","-73.7333333","32.0","MONTREAL PIERRE ELLIOTT TRUDEAU INTERNATIONAL QU, CA","  77.7","23","  67.8","23","1013.8","23","010.0"," 8","999.9"," 0","  6.7","23"," 11.1","999.9","  87.6"," ","  71.8"," "," 2.56","G","999.9","000000"
"71183099999","2025-07-15","45.4666666","-73.7333333","32.0","MONTREAL PIERRE ELLIOTT TRUDEAU INTERNATIONAL QU, CA","  77.7","24","  65.5","24","1015.6","24","011.8"," 8","999.9"," 0","  6.7","24","  9.9"," 15.9","  86.9","*","  68.9","*"," 0.00","G","999.9","000000"
"71183099999","2025-07-16","45.4666666","-73.7333333","32.0","MONTREAL PIERRE ELLIOTT TRUDEAU INTERNATIONAL QU, CA","  82.2","24","  66.3","24","1013.7","24","010.2"," 8","999.9"," 0","  5.9","24","  8.9","999.9","  91.4","*","  72.5","*"," 0.00","G","999.9","000000"
"71183099999","2025-07-17","45.4666666","-73.7333333","32.0","MONTREAL PIERRE ELLIOTT TRUDEAU INTERNATIONAL QU, CA","  79.7","24","  72.4","24","1005.4","24","001.9"," 8","999.9"," 0","  6.4","24"," 12.0"," 19.0","  91.8"," ","  72.9"," "," 0.55","G","999.9","000000"
"71183099999","2025-07-18","45.4666666","-73.7333333","32.0","MONTREAL PIERRE ELLIOTT TRUDEAU INTERNATIONAL QU, CA","  67.9","24","  54.8","24","1014.5","24","010.0"," 8","999.9"," 0"," 10.2","24"," 15.9"," 22.9","  88.3"," ","  57.7"," "," 0.57","G","999.9","000000"
"71183099999","2025-07-19","45.4666666","-73.7333333","32.0","MONTREAL PIERRE ELLIOTT TRUDEAU INTERNATIONAL QU, CA","  71.4","24","  55.2","24","1016.8","24","013.2"," 8","999.9"," 0","  7.5","24","  9.9"," 15.9","  78.3"," ","  57.7"," "," 0.00","G","999.9","000000"
"71183099999","2025-07-20","45.4666666","-73.7333333","32.0","MONTREAL PIERRE ELLIOTT TRUDEAU INTERNATIONAL QU, CA","  70.5","24","  61.0","24","1009.7","24","006.1"," 8","999.9"," 0","  5.8","24"," 11.1","999.9","  78.6"," ","  64.2"," "," 0.01","G","999.9","000000"
"71183099999","2025-07-21","45.4666666","-73.7333333","32.0","MONTREAL PIERRE ELLIOTT TRUDEAU INTERNATIONAL QU, CA","  66.3","24","  49.9","24","1012.9","24","008.8"," 8","999.9"," 0","  8.4","24"," 11.1"," 15.0","  78.6"," ","  57.2"," "," 0.00","G","999.9","000000"
"71183099999","2025-07-22","45.4666666","-73.7333333","32.0","MONTREAL PIERRE ELLIOTT TRUDEAU INTERNATIONAL QU, CA","  63.0","24","  48.4","24","1020.6","24","016.5"," 8","999.9"," 0","  5.0","24"," 11.1","999.9","  73.0","*","  51.8","*"," 0.00","G","999.9","000000"
"71183099999","2025-07-23","45.4666666","-73.7333333","32.0","MONTREAL PIERRE ELLIOTT TRUDEAU INTERNATIONAL QU, CA","  69.3","24","  53.0","24","1021.8","24","018.0"," 8","999.9"," 0","  4.6","24","  8.9","999.9","  80.1","*","  58.6","*"," 0.00","G","999.9","000000"
"71183099999","2025-07-24","45.4666666","-73.7333333","32.0","MONTREAL PIERRE ELLIOTT TRUDEAU INTERNATIONAL QU, CA","  78.0","24","  62.7","24","1014.8","24","011.4"," 8","999.9"," 0","  8.3","24"," 16.9"," 23.9","  90.3","*","  65.8","*"," 0.00","G","999.9","000000"
"71183099999","2025-07-25","45.4666666","-73.7333333","32.0","MONTREAL PIERRE ELLIOTT TRUDEAU INTERNATIONAL QU, CA","  78.8","24","  66.4","24","1010.7","24","006.6"," 8","999.9"," 0","  9.1","24"," 13.0"," 18.1","  90.7"," ","  65.5"," "," 0.00","G","999.9","000000"
"71183099999","2025-07-26","45.4666666","-73.7333333","32.0","MONTREAL PIERRE ELLIOTT TRUDEAU INTERNATIONAL QU, CA","  73.5","24","  56.1","24","1017.7","24","013.8"," 8","999.9"," 0","  3.9","24","  8.9","999.9","  83.8"," ","  60.1"," "," 0.00","G","999.9","000000"
"71183099999","2025-07-27","45.4666666","-73.7333333","32.0","MONTREAL PIERRE ELLIOTT TRUDEAU INTERNATIONAL QU, CA","  74.8","24","  65.0","24","1012.0","24","008.4"," 8","999.9"," 0","  5.6","24","  8.9","999.9","  84.0"," ","  60.1"," "," 0.00","G","999.9","000000"
"71183099999","2025-07-28","45.4666666","-73.7333333","32.0","MONTREAL PIERRE ELLIOTT TRUDEAU INTERNATIONAL QU, CA","  77.6","21","  67.2","21","1013.9","21","009.8"," 8","999.9"," 0","  4.2","21","  9.9"," 15.0","  88.2","*","  67.1","*"," 0.00","G","999.9","000000"
"71183099999","2025-07-29","45.4666666","-73.7333333","32.0","MONTREAL PIERRE ELLIOTT TRUDEAU INTERNATIONAL QU, CA","  79.8","20","  65.3","20","1013.7","20","010.0"," 6","999.9"," 0","  6.1","20","  9.9"," 15.0","  88.7"," ","  65.7"," "," 0.00","G","999.9","000000"
"71183099999","2025-07-30","45.4666666","-73.7333333","32.0","MONTREAL PIERRE ELLIOTT TRUDEAU INTERNATIONAL QU, CA","  75.9","24","  63.4","24","1014.6","24","010.7"," 8","999.9"," 0","  5.5","24"," 11.1"," 15.9","  85.6"," ","  66.2"," "," 0.00","G","999.9","000000"
"71183099999","2025-07-31","45.4666666","-73.7333333","32.0","MONTREAL PIERRE ELLIOTT TRUDEAU INTERNATIONAL QU, CA","  68.3","24","  49.4","24","1019.6","24","015.5"," 8","999.9"," 0","  6.7","24","  9.9","999.9","  83.1"," ","  62.4"," "," 0.01","G","999.9","000000"
"71183099999","2025-08-01","45.4666666","-73.7333333","32.0","MONTREAL PIERRE ELLIOTT TRUDEAU INTERNATIONAL QU, CA","  65.9","24","  46.8","24","1024.0","24","019.9"," 8","999.9"," 0","  7.2","24"," 12.0"," 15.0","  73.8","*","  56.3","*"," 0.00","G","999.9","000000"
"71183099999","2025-08-02","45.4666666","-73.7333333","32.0","MONTREAL PIERRE ELLIOTT TRUDEAU INTERNATIONAL QU, CA","  68.9","24","  50.1","24","1022.9","24","019.2"," 8","999.9"," 0","  6.9","24"," 13.0"," 21.0","  79.7","*","  59.0","*"," 0.00","G","999.9","000000"
"71183099999","2025-08-03","45.4666666","-73.7333333","32.0","MONTREAL PIERRE ELLIOTT TRUDEAU INTERNATIONAL QU, CA","  72.6","24","  57.8","24","1018.4","24","014.6"," 8","999.9"," 0","  8.1","24"," 12.0"," 18.1","  81.0"," ","  55.6"," "," 0.00","G","999.9","000000"
"71183099999","2025-08-04","45.4666666","-73.7333333","32.0","MONTREAL PIERRE ELLIOTT TRUDEAU INTERNATIONAL QU, CA","  71.1","24","  60.9","24","1019.5","24","015.3"," 8","999.9"," 0","  5.0","24","  9.9"," 15.9","  81.0"," ","  64.8"," "," 0.00","G","999.9","000000"
"71183099999","2025-08-05","45.4666666","-73.7333333","32.0","MONTREAL PIERRE ELLIOTT TRUDEAU INTERNATIONAL QU, CA","  68.3","23","  51.8","23","1027.0","23","022.9"," 8","999.9"," 0","  6.6","23","  9.9","999.9","  75.7","*","  58.6","*"," 0.00","G","999.9","000000"
"71183099999","2025-08-06","45.4666666","-73.7333333","32.0","MONTREAL PIERRE ELLIOTT TRUDEAU INTERNATIONAL QU, CA","  71.0","24","  53.8","24","1029.3","24","025.4"," 8","999.9"," 0","  6.1","24","  8.0","999.9","  82.6","*","  59.5","*"," 0.00","G","999.9","000000"
"71183099999","2025-08-07","45.4666666","-73.7333333","32.0","MONTREAL PIERRE ELLIOTT TRUDEAU INTERNATIONAL QU, CA","  73.9","24","  55.1","24","1026.7","24","022.9"," 8","999.9"," 0","  5.2","24","  8.0","999.9","  85.5","*","  60.4","*"," 0.00","G","999.9","000000"
"71183099999","2025-08-08","45.4666666","-73.7333333","32.0","MONTREAL PIERRE ELLIOTT TRUDEAU INTERNATIONAL QU, CA","  76.6","24","  61.6","24","1022.6","24","018.9"," 8","999.9"," 0","  4.1","24","  8.0","999.9","  86.0","*","  65.3","*"," 0.00","G","999.9","000000"
"71183099999","2025-08-09","45.4666666","-73.7333333","32.0","MONTREAL PIERRE ELLIOTT TRUDEAU INTERNATIONAL QU, CA","  77.3","24","  63.0","24","1020.6","24","016.8"," 8","999.9"," 0","  5.4","24"," 12.0","999.9","  88.7","*","  67.1","*"," 0.00","G","999.9","000000"
"71183099999","2025-08-10","45.4666666","-73.7333333","32.0","MONTREAL PIERRE ELLIOTT TRUDEAU INTERNATIONAL QU, CA","  81.8","24","  64.2","24","1020.0","24","016.1"," 8","999.9"," 0","  6.1","24","  8.9","999.9","  91.8","*","  75.4","*"," 0.00","G","999.9","000000"
"71183099999","2025-08-11","45.4666666","-73.7333333","32.0","MONTREAL PIERRE ELLIOTT TRUDEAU INTERNATIONAL QU, CA","  83.3","24","  62.8","24","1019.2","24","015.4"," 8","999.9"," 0","  5.5","24","  8.0","999.9","  93.2","*","  73.0","*"," 0.00","G","999.9","000000"
"71183099999","2025-08-12","45.4666666","-73.7333333","32.0","MONTREAL PIERRE ELLIOTT TRUDEAU INTERNATIONAL QU, CA","  83.0","24","  62.1","24","1015.3","24","011.7"," 8","999.9"," 0","  4.8","24","  8.0","999.9","  93.9"," ","  70.2"," "," 0.00","G","999.9","000000"
"71183099999","2025-08-13","45.4666666","-73.7333333","32.0","MONTREAL PIERRE ELLIOTT TRUDEAU INTERNATIONAL QU, CA","  79.7","24","  67.3","24","1009.7","24","006.1"," 8","999.9"," 0","  5.9","24"," 13.0"," 24.9","  94.3"," ","  70.2"," "," 0.75","G","999.9","000000"
"71183099999","2025-08-14","45.4666666","-73.7333333","32.0","MONTREAL PIERRE ELLIOTT TRUDEAU INTERNATIONAL QU, CA","  74.6","24","  62.0","24","1013.0","24","008.8"," 8","999.9"," 0","  5.2","24"," 11.1"," 15.9","  82.9"," ","  68.7"," "," 0.00","G","999.9","000000"
"71183099999","2025-08-15","45.4666666","-73.7333333","32.0","MONTREAL PIERRE ELLIOTT TRUDEAU INTERNATIONAL QU, CA","  70.8","24","  50.0","24","1021.4","24","017.4"," 8","999.9"," 0","  4.6","24","  7.0","999.9","  81.9"," ","  57.7"," "," 0.00","G","999.9","000000"
"71183099999","2025-08-16","45.4666666","-73.7333333","32.0","MONTREAL PIERRE ELLIOTT TRUDEAU INTERNATIONAL QU, CA","  73.8","24","  55.0","24","1019.1","24","015.5"," 8","999.9"," 0","  4.6","24"," 11.1","999.9","  85.8","*","  61.3","*"," 0.00","G","999.9","000000"
"71183099999","2025-08-17","45.4666666","-73.7333333","32.0","MONTREAL PIERRE ELLIOTT TRUDEAU INTERNATIONAL QU, CA","  70.3","24","  58.4","24","1013.3","24","009.3"," 8","999.9"," 0","  7.1","24"," 15.9"," 22.0","  86.4"," ","  58.8"," "," 0.39","G","999.9","000000"
"71183099999","2025-08-18","45.4666666","-73.7333333","32.0","MONTREAL PIERRE ELLIOTT TRUDEAU INTERNATIONAL QU, CA","  60.7","24","  45.0","24","1023.1","24","018.8"," 8","999.9"," 0","  5.0","24","  9.1","999.9","  75.2"," ","  49.1"," "," 0.00","G","999.9","000000"
"71183099999","2025-08-19","45.4666666","-73.7333333","32.0","MONTREAL PIERRE ELLIOTT TRUDEAU INTERNATIONAL QU, CA","  63.8","23","  47.5","23","1023.1","23","019.3"," 8","999.9"," 0","  4.2","23","  8.9","999.9","  72.3"," ","  49.1"," "," 0.00","G","999.9","000000"
"71183099999","2025-08-20","45.4666666","-73.7333333","32.0","MONTREAL PIERRE ELLIOTT TRUDEAU INTERNATIONAL QU, CA","  66.9","24","  53.2","24","1019.3","24","015.5"," 8","999.9"," 0","  6.7","24","  9.9","999.9","  75.9"," ","  55.2"," "," 0.00","G","999.9","000000"
"71183099999","2025-08-21","45.4666666","-73.7333333","32.0","MONTREAL PIERRE ELLIOTT TRUDEAU INTERNATIONAL QU, CA","  68.5","24","  53.0","24","1019.3","24","015.5"," 8","999.9"," 0","  4.2","24","  8.9","999.9","  78.6","*","  54.5","*"," 0.00","G","999.9","000000"
"71183099999","2025-08-22","45.4666666","-73.7333333","32.0","MONTREAL PIERRE ELLIOTT TRUDEAU INTERNATIONAL QU, CA","  70.9","24","  55.6","24","1015.9","24","012.2"," 8","999.9"," 0","  5.0","24","  9.9","999.9","  82.4"," ","  55.8"," "," 0.00","G","999.9","000000"
"71183099999","2025-08-23","45.4666666","-73.7333333","32.0","MONTREAL PIERRE ELLIOTT TRUDEAU INTERNATIONAL QU, CA","  75.7","24","  58.2","24","1012.9","24","009.3"," 8","999.9"," 0","  6.8","24","  9.9"," 15.0","  83.8","*","  67.1","*"," 0.00","G","999.9","000000"
"71183099999","2025-08-24","45.4666666","-73.7333333","32.0","MONTREAL PIERRE ELLIOTT TRUDEAU INTERNATIONAL QU, CA","  73.5","21","  63.1","21","1008.6","21","004.8"," 6","999.9"," 0","  8.6","21"," 11.1"," 16.9","  84.6"," ","  66.2"," "," 0.12","G","999.9","000000"
